;Tweet;Class
0;pingin genjot pajak ppn taxamnesty mboh itunganya gimana;negative
1;pingin genjot pajak ppn taxamnesty mboh itunganya gimana uang lumayan gapapa negara bangun ehh berita pandora papers jabat menteri gimana bu sri ndang bal yo sri;negative
2;kasihan rakyat indonesia bayar pajak korupsi dana habis oknum senang ppkm panjang covid;negative
3;jabat negara ramai sembunyi harta kaya hindar bayar pajak sedih uang negara;negative
4;pandora papers orang kaya sembunyi aset kaya hindar pajak sisi rakyat jelata beban laku wajib pajak masyarakat rakyat apes;negative
5;pemkot bekas kanwil djp jabar iii sosialisasi patuh wajib pajak;positive
6;nakut-nakuti rakyat no ngumpetin harta biar ga kena pajak munafik;negative
7;ruuhpp adil rakyat penegasaan komitmen tata sistem pajak adil tutup celah hindar pajak;positive
8;muslimahnews harap henti zalim pajak ubah sistem negeri;negative
9;orang bijak taat pajak orang jahat makan pajak orang gila engga ajak;negative
10;rakyat kompak gak bayar pajak negara rakyat hukum;negative
11;gw gak bayar pajak shadow;negative
12;muslimahnews topang butuh sejahtera rakyat sumber tumpu;negative
13;editorial dpr kesah uu harmonisasi atur pajak hpp perintah aju kontra nilai uu zalim jadi rakyat objek buru pajak tampak pihak perintah penting;negative
14;pimpin cerdas rakyat kerja layak tinggal layak;positive
15;ketua tim nasional bolos bayar pajak;negative
16;tega banget ya gede bebas pajak tax holiday royalti batu bara hapus negara rugi pajak;negative
17;rakyat jerat utang pinjam online bunga negara sadar minjam utang bunga;negative
18;orang kaya dibebaslan pajak rakyat peras pajak pajakperasrakyat;negative
19;sih ngotot banget utak-atik terima negara pajak coba deh focus evaluasi terima pajak;negative
20;sungguh tarik mungut pajak diadzab neraka ahmad abu dawud pajakperasrakyat;negative
21;nilai adil pks tolak ruuhpp anis pandora papers bukti hindar pajak;negative
22;ga sabar nunggu masyarakat uganda entar paksa ga bayar pajak ga mempan paksa;negative
23;skandal pandora papers kuak sibuk nyapres jabat negara hindar bayar pajak;negative
24;rakyat bayar pajak;negative
25;royalti batu bara hapus pajak nelayan persen rizalramli oligarki untung rakyat peras;negative
26;nelayan ancam laut daerah izin laut;negative
27;taipan usaha kakap ringan bebas pajak beban berat rakyat;negative
28;pinginnya profesor jelasin dpr perintah langgar pasal uud perintah amandemen presiden tuju kkn hasil objek pph hasil makna perlu negara pajak kelola presiden;negative
29;nik npwp uuhpp integrasi basis data duduk sistem administrasi pajak mudah;positive
30;orang bayar pajak ya syarat kena pajak laku hasil;positive
31;makan uang pajak belagu rakyat gak tau malu;negative
32;libur thailand kena pajak dipajakin pajakperasrakyat;negative
33;pajakperasrakyat menteri uang hebat bangun negara modal hutang pajak lini hidup rakyat;negative
34;ayo rajin bayar pajak biar semangat pakpolnya;positive
35;ijtima ulama hasil tukang garong uang pajak pohon monas;negative
36;gabung pahlawan negara daftar wajib pajak kpp pratama tegal;positive
37;elsam nilai pres cantum manfaat nomor induk duduk nik nomor pokok wajib;positive
38;miskin sih lu beli minyak aja ngeluh btw dah bayar pajak;negative
39;ratus nelayan pati jawa gelar aksi kibar bendera putih biaya terima negara pajak;negative
40;salah tuju uuhpp cipta adil tara masyarakat menengah-bawah;positive
41;nik npwp kilas nampak keren milik nik wajib pajak koq milik nik ngemplang;negative
42;bikin gw gak ikhlas bayar pajak;negative
43;kemplang pajak;negative
44;adil umur udah ktp otomatis wajib pajak otomatis wajib lapor pajak nih;negative
45;topang butuh sejahtera rakyat sumber pajak utang ujung beban pundak rakyat;negative
46;nik npwp kilas nampak keren milik nik wajib pajak koq milik nik ngemplang;negative
47;anggota kpk jujur kritis pecat jenderal tni bela rakyat copot gilir jabat negara gelap;negative
48;nik npwp hidup rakyat milik ktp peras habis rezim komunis slogan komunis;negative
49;usaha cangkang pakai selundup pajak nama luhut;negative
50;indonesia mabok perintah mabok utang jabat mabok korupsi rakyat mabok pajak pajakperasrakyat;negative
51;rakyat bayar pajak rugi manfaat rakyat;negative
52;pajak rakyat konglomerat tamanjakan fasilitas ringan pajak mana letak adil anggota dpr peduli rakyat;negative
53;cokin kuasa rezim hancur kuasa negara banyakin hutang gedein pajak;negative
54;mentang institusi negara gak bangkrut gaji lo lo pajak masyarakat kritik;negative
55;laku umkm uuhpp atur kait hasil bruto kena pajak khusus umkm;positive
56;jahat rakyat kasih subsidi kasih subsidi negara;negative
57;opini pandora papers orang kaya sembunyi aset kaya hindar pajak sisi rakyat jelata beban laku wajib pajak masyarakat rakyat apes;negative
58;duta pajak keren tuh pajakperasrakyat;negative
59;capek doang bayarin pajak;negative
60;daftar bijak plinplan jokowi kereta cepat-amnesti pajak;negative
61;implementasi pajak karbon uuhpp pajak adil;positive
62;alas pajak karbon terap indonesia salah mitigasi ubah iklim;positive
63;dpr era kerja ketok palu ngaku hormat ngabisin pajak rakyat ambyar;negative
64;edukasi pajak kpp harap wajib pajak laksana wajib paja pajakkitauntukkita pajakkuatindonesiamaju;positive
65;program taxamnesty jilidii kemplang pajak sepele anggap bijak;negative
66;negeri sakit pajak langit;negative
67;ngemplang pajak gede masuk pandora papers aman hidup susah gak korupsi;negative
68;alas pajak karbon terap indonesia salah mitigasi ubah iklim ubah perilaku laku aktivitas ekonomi potensi hasil emisi gas rumah kaca;positive
69;evaluasi defensif mentang institusi negara gak bangkrut sial;negative
70;beda anggota dprd perintah bayar bayar hasil warga jelata obrak-obrak rutin bayar pajak warga nek kritik iku kudu ngasih solusi kasih identitas akun anonim biar dicyduk;negative
71;jahat rakyat kasih subsidi kasih subsidi negara bayar pajak gile elu droo mungkinkahpresidendarktriad mungkinkahpresidendarktriad;negative
72;nelayan kena pajak persen rizalramli tega banget ya gede bebas pajak;negative
73;ngomongin utang indonesia kantor pajak misuh biar aja bayar emang orang indo macem gin diapain dah;negative
74;nik npwp atur implementasi integrasi data duduk pajak;positive
75;pph umkm ruuhpp atur ulang batas hasil adil umkm hasil rp juta kena pajak ubah atur milik batas hasil umkm kena pajak;positive
76;opini pandora papers orang kaya sembunyi aset kaya hindar pajak sisi rakyat jelata beban laku wajib pajak masyarakat rakyat apes;negative
77;bangsat ni rezim jahanam hamba oligarki jongos anggur china lindung koruptor gilir usaha;negative
78;nilai hati rencana undang undang uu pajak negatif pulih ekonomi picu muncul pajak tjahajo kumolo alas sang menteri lontar nyata dukung mangkir pimpin kpk panggil;negative
79;opini rakyat bayar pajak hidup sulit oligarki cukong das nikmat harta kaya bijak taxamnesty bentuk kuasa bangun zalim;negative
80;ga sabar nunggu masyarakat uganda entar paksa ga bayar pajak ga mempan paksa ga bayar pajak ga mempan paksa penjara banget perintah alir kiri sesat negara uganda;negative
81;radikal rampok uang rakyat kemplang pajak sembunyi kaya biar nggak kena pajak pinjol gelap debt kolektor liar buzzerrp putar fakta;negative
82;wajib pajak badan uuhpp bijak turun tarif pph badan tarif waji;positive
83;kemplang pajak indonesia ringan sanksi pidana enak speechless;negative
84;amnesti pajak efektif mesti aja kalo kali kali modus nama;negative
85;negara mungut pajak kecuali kas negara kritis pungut pajak kaum muslim kaya;negative
86;pajak sapa beban aja kembang kempis pajakperasrakyat;negative
87;negara mungut pajak kecuali kas negara kritis pungut pajak kaum muslim kaya dzimmi pungut jizyah laki balig bayar dzimmi miskin wajib bayar;negative
88;baris puja jokowi tonjol goblok nya mikir gak pikir;negative
89;dpr kacrut yaahh mental krupuk keujanan tuh wakli rakyat bong;negative
90;wajib pajak badan uuhpp bijak turun tarif pph badan tarif;positive
91;tega banget ya gede bebas pajak tax holiday royalti batu bara hapus negara rugi rp triliun;negative
92;maksa prokes gak prokes maksa vaksin gak vaksin maksa pajak ngemplang pajak maling mlh;negative
93;mentang institusi negara gak bangkrut gaji lo lo pajak masyarakat kritik benah denial;negative
94;orang kaya kemplang pajak pintar uang sia korupsi badan sosial agama perintah amanah wajib bayar pajak;negative
95;nilai kena pajak produk tani sulit hidup tani pajakperasrakyat;negative
96;program bentuk ringan wajib pajak hirau wajib;positive
97;dukung si dusta mobil siluman dusta uang gaib trilyunan rebu sembah tukang boong eh nuduh orang;negative
98;moga rakyat imbang pajak;positive
99;pasrah rela goblok sistem bobrok bilang rekayasa pajak serasa malak tuntut hak temba wujud hadir pemberientah rakyat sapi perah bangsa gagal revolusi basa basi korupsi;negative
100;tenang aja rakyat ko nanggung pajak;negative
101;negara hutang rakyat bantu bayar pajak korupsi sengaja;negative
102;rezim oligarki nelayan tinggal pimpin tampil pimpin oligarki lahir usung oligarki;negative
103;kaya hindar pajak bingung;negative
104;luas sektor pajak bayar hutang negara;positive
105;pajak karbon ri nilai juara kendali ubah iklim dunia;positive
106;komisi xi diskon pajak nikmat orang tajir;positive
107;beda negara taik land pajak rakyat peres habis sisa cukong bangsat kasi amnesti pajak;negative
108;pro kontra atur pajak harga barang mahal rakyat kena paj;negative
109;pajak nama rakyat bayar upeti jajah pajakperasrakyat;negative
110;terang bosan lihat muka menteri uang kali muncul media bicara utang ya pajak bicara kek rakyat senang bangga biar imun rakyat stabil kuat;negative
111;pajak rezim koruptor tukang palak nguber setor pajakperasrakyat;negative
112;yaa temen ngga ktp bayar pajak;positive
113;nik npwp uuhpp integrasi basis data duduk sistem administrasi pajak;positive
114;tingkat terima pajak uu harmonisasi atur paja harap kuat sistem administrasi paja maju teknologi informasi digital;positive
115;khawatir pajak eksesif hindar berkat hapus norma alternatif minimum tax amt pajak hasil minimum terap multitarif pajak tambah nilai;positive
116;potensi maja eksesif hindar tentu barang jasa pungut pajak barang butuh pokok jasa didik jasa agama jasa sehat medis jasa uang jasa asuransi jasa agama;positive
117;khawatir tari pajak agresif cegah wenang sidik pajak diesesuaikan tentu hap pasti hukum aman wajib pajak tunai wajib;positive
118;atur integrasi ubah uu kait pajak uu tentu tata paja uu pajak hasil pph uu pajak tambah nilai barang jasa pajak jual barang mewah uu cukai;positive
119;pulih ekonomi pajak susul iring jalan harta kaya sembunyi transparan bulu jelas uang nilai tukar cek lapang ekonomi stuck;negative
120;tega banget ya gede bebas pajak tax holiday royalti batu bara hapus negara rugi rp triliun;negative
121;rezim bacot rezim gayarezim citra hasil dungu dungu hutang hutangpajak pajak upeti upeti anjing;negative
122;inkonsistensi sumbat duliu pilih;negative
123;jurus sri mulyani cari hutang nambah beban pajak rakyat;negative
124;beda ama negara parelmenmya isi oramg pemgecuttt;negative
125;bismilah inkonsistensi sumbat duliu pilih bapa hapus pajak kendaran janji manis nya kait pajak kendara hasil pilih kenatipupks;negative
126;rakyat uber bayar pajak jabat ngemplang pajak anjim banget dah;negative
127;orang bayar pajak ya syarat kena pajak laku hasil ptkp rp juta edar bruto rp juta laku umkm;positive
128;nik npwp uuhpp integrasi basis data duduk sistem administrasi paja mudah wajib pajak bijak kuat reformasi pajak masyarakat mudah layan publik;positive
129;turun tarif dorong akselerasi wajib pajak badan dampak pandemi pajak adil;positive
130;kabar kabar buruk ngomong utang gunung pajak gede ppkm jilid tka dibanyakin;negative
131;rakyat susah hutang pajak;negative
132;nelayan indonesia beban pajak laut nelyan cina laut air indonesia;negative
133;ratus nelayan pati jawa gelar aksi kibar bendera putih biaya terima negara;negative
134;bijak strategis tangan pandemi reformasi paja kenal pajak karbon;positive
135;wajib pajak badan uuhpp bijak turun tarif pph badan turun tarif;positive
136;reformasi paja sejahtera masyarakat basis pajak kuat apbn sehat stabilitas ekonomi mantap sejahtera masyarakat tingkat;positive
137;laku reformasi paja uuhpp rasio pajak terima pajak estimasi tingkat;positive
138;ppn dinaikin yak udah gaji potong beli barang harga ppn kemarin pajak beli mobil hilang arah mana si strategi uang negara tu;negative
139;perkara pajak jabat ngemplang pajak;negative
140;stop bayar pajak;negative
141;utang beban mafia tanggung rakyat pajakperasrakyat;negative
142;singgung ya orang dekat gue orang perintah miris aja gitu naikin persentase pajak hasil saat kaya gin juang putar ekonomi negara saat kaya gin sektor swasta;negative
143;bangsa rendah ya pajak rakyat;negative
144;gampang ngutang bayar rakyat liat aja tuh pajak rakyat;negative
145;gak tau gaji pake pajak rakyat ngelunjak rakyat;negative
146;orang kismin bayar pajak gaji oknum bela perkosa;negative
147;perintah cari utang pajak kreatif;negative
148;orang bijak taat pajak orang rakus makan pajak koruptor maling busuk embat pajak beban pajak rakyat depan prinsip adil pajakperasrakyat;negative
149;iya tull jenius banget sampe rakyat kejar kejar pajak;negative
150;pajak cela keras rasulullah saw laknat pajak haram perintah islami;negative
151;nik npwp milik ktp bayar pajak tarif ppn kemenkeu bilang orang beban rakyat;negative
152;administrasi mudah integrasi data wajib pajak;positive
153;alangkah ironis indoensia rakyat kejar pajak;negative
154;tanda tanda perintah hancur pajak pungut ibnu khaldun;negative
155;royalti batu bara hapus pajak nelayan persen rizalramli oligarki untung;negative
156;kabar kabar buruk ngomong utang gunung pajak gede ppkm jilid tka;negative
157;wamenkeu tuju utama pps tingkat patuh wajib pajak;positive
158;patgulipat atur pajak kolusi kuasa usaha;negative
159;taxamnesty jilidii tuju cegah hindar pajak;positive
160;gapapa pajak nikmat rakyat udah mah pajak embat jabat petinggi doang rakyat jelata sengsara;positive
161;rakyat bayar pajak hidup sulit oligarki cukong das nikmat harta kaya bijak taxamnesty bentuk kuasa bangun zalim;negative
162;usaha gede bebas pajak nelayan persen rizalramli tega banget ya;negative
163;masuk got gak mikir copras caperes mobile esemkah harga rebubtrlyun cocot dusta;negative
164;ya udah juta entar pajak gampang sogok;negative
165;terima negara tingkat tingkat peras rakyat pajakperasrakyat;negative
166;moga jujur kasi boong juta rakyat diboongin ngalahin gunung uhud dosa;negative
167;pajak bikin lieur;negative
168;woy rakyat ikut pimpin urus jabat korup hindar pajak urus cari dosa rakyat bayar pajak pindah negara;negative
169;negara ga bikin lapang kerja kerja dipalakin pajak;negative
170;driver online bayar pajak duit darimana biaya hidup aja susah bodo pajak kemplang pajak miliar kasih ringan;negative
171;bencana utang aset produktif tagih kemplang pajak sita aset koruptor daya ekonomi rakyat dll bangkit;negative
172;ekonomi sulit pajak jabat ngomong mangap rungkad;negative
173;habis tugas pajak rumah rumah koruptor ongkang ongkang jokowi jenius boong;negative
174;nih omong kosong usaha tu dalih bayar pajak kontribusi negara bayar pajak prioritas bisnis;negative
175;dungu kubang bong cari referensi netral biar otak isi dikit ngomong ekonomi roket pajak nelayanpetani digedein berita mainstream tel aja ben jing kaya pinter dikit;negative
176;jabat negara ramai sembunyi harta kaya hindar bayar pajak sedih uang negara defisit puruk angka miskin tambah harta kaya jabat negara tambah revolusi mental mental mana ngawur;negative
177;kalang usaha perintah timbang rencana ppn;negative
178;uu harmonisasi atur pajak uuhpp tuju perintah dpr hilang sanksi pidana kemplang pajak;negative
179;muslimahnews bayar pajak ampun pajak rakyat negara ubah malak rakyat;negative
180;panama papers konglohitam oligharki ngemplang pajak nkri kena moral;negative
181;pokok nya enak kemplang pajak indonesia;negative
182;rakyat wajib bayar pajak pajakperasrakyat orang kaya kabar sembunyi;negative
183;orang bijak taat pajak orang jahat makan pajak orang gila gak ajak;negative
184;pajakperasrakyat uuhpp profesor baim konten seminar nasional profesor selasa rezim kabinet mustahil beban rakyat pajak babi buta orang kaya kolega jabat kemplang pajak taxamnesty rezim kabinet gotong garong;negative
185;pajak masuk kantong kerja kek malesan gitu;negative
186;sodaraku iman juang lupa bpak pajak bin palak pajakperasrakyat;negative
187;percumah bayar pajak ujung nya korupsi pajakperasrakyat;negative
188;batal atur cantum uu kup hpp fpks ppn sembako;negative
189;negara kaya hutang numpuk gede gede hiii pajak cekik bayar hutang;negative
190;nangkap kemplang pajak singkir pecat;negative
191;pajakperasrakyat pajakperasrakyat baim konten selasa klepon prestasi profesor seminar nasional uuhpp taxamnesty konco dewe rakyat uber pajak;negative
192;nik npwp milik ktp bayar pajak pajakperasrakyat pajakperasrakyat;negative
193;legislator pks pandora papers bukti jabat ogah bayar pajak covid;negative
194;agenda nanggung cuman statuta ga janji omong tepat kecebong kereta cepat boong pake apbn pake pegawai kpk lolos twk pajak listrik masy susah tani ternak jual panen garam impor janji kampanye;negative
195;bicara ekonomi now kunci lockdown rakyat sulit pajak bicara anggar apbn tumbuh ekonomi;negative
196;pajak korupsi lesat;negative
197;nkri harga mati rakyat mati cekik pajaktuh bijak sengsara rakyat koreksi bisa muji-muji junjung;negative
198;unfaedah rakyat sulit hidup perintah sibuk bikin patung uras hasil bumi peras pajak rakyat singguh dzalim ya tumbang rezim;negative
199;asli absurd nih erti demokrasi rakyat rakyat presiden tugas;negative
200;orang beneran kaya bikin yayasan mindahin kaya kalo yayasan ngga kena pajak orang kaya bantu orang masukin youtube sosmed biar cuan adsense tangan kanan tangan kiri rekam biar cuan;negative
201;rela ga rela bayar pajak ga bayar pajak urus sulit;positive
202;nelayan lokal sanggup bayar pajak silah minggir monggo kapal nelayan cina cuan balang o;negative
203;eh bangsat nggak sih;negative
204;adoooh ngenes ngeliatnya rakyat kerja keras jabat enak makan utit pajak;negative
205;lumayan nambah nambahin pasu bayar pajak alhamdulillah pajakperasrakyat pajakperasrakyat dondon;negative
206;jabat hidup mewah gaji palak pajak rakyat;negative
207;urus pajak ribet banget;negative
208;ya si luhut sukses clean and clear harta nambah aman pajak;negative
209;ngritik atur pajak pasca pandemi regulator alumni setan;negative
210;ga urus ijin laut akibat pnbp negara gin pandemi loh rakyat cekik;negative
211;opung main pajak gilir rakyat beli sembako peras pajak presiden nya tau opung main pajak;negative
212;nik npwp milik ktp bayar pajak tarif ppn rakyat;negative
213;nik npwp milik ktp bayar pajak tarif ppn rakyat laksana sandwich hutang ugal;negative
214;ulang taxamnesty bebas pajak kelompok periode;negative
215;orang tugas pajak kelabu rakyat jargon orang bijak taat pajak labu tugas pajak orang bijak berani nolak pungut pajak pajakperasrakyat pajakperasrakyat;negative
216;nik npwp milik ktp bayar pajak tarif ppn rakyat laksana sandwich hutang ugalan rezim orang;negative
217;percaya eksekutif legislatif yudikatif pilih pilih;positive
218;rakyat kejar kejar pajak miskin koruptor agree pajakperasrakyat;negative
219;rezim ngutang rakyat bayar pajak pungut pajakperasrakyat;negative
220;hutan gunung sawah laut simpan kaya aja kalee rakyat pajak aja porotin aja pajakperasrakyat;negative
221;akal rakyat sulit ekonomi pandemi pajak pajakperasrakyat;negative
222;pajakperasrakyat sembako kena pajak perintah batas rakyat;negative
223;enak aje tuh suruh bayar koruptor kemplang pajak;negative
224;sembako kena pajak sekolah kena pajak lha barang mewah gak kena ngemplang pajak dima afkeun gak sehhh pajakperasrakyat pajakperasrakyat;negative
225;analis bijak publik sorot uu pajak rakyat peras kemplang diskon pajak;negative
226;rakyat jepit ekonomi pandemi bayar pajak kasih konglo hitam amnesti pajak;negative
227;rakyat rajin bayar pajak dinaikin orang kaya up pajakperasrakyat;negative
228;halu presiden pajak rakyat dinaikin aja mingkem pajakperasrakyat;negative
229;rakyat pajak usaha kemplang pajak kasih amnesty kali;negative
230;kemplang pajak menghidari pajak mesti adil pajakperasrakyat;negative
231;dukung pimpin bohong biar siksa malaikat bohongin pajak pajakperasrakyat;negative
232;jenius tutup mata bijak rugi negara taxamnesty jilidii rugi rakyat negara rakyat beban pajak negara hilang dapat pajak setor plang pajak;negative
233;inkonsistensi jokowi ditaxamnesty jilidii kereta cepat telan apbn jokowi ubah bijak;negative
234;kaya kaya miskin kurus bijak pajakperasrakyat;negative
235;ko tega ya royalti batu bara hapus pajak nelayan oligarki untung rakyat peras bikin susah;negative
236;aja ngasih makan koruptor rakyat kejar dalih pajak ga sehat rezim;negative
237;bijak taxamnesty jelas presiden penuh penting usaha plang pajak utang blbi;negative
238;uuhpp relevan kena pajak minimum global;positive
239;doa pajakin biar cepat dunia biar cepat bayar pajak nya siksa akhirat;negative
240;bangun jual murah pajak teuteup beban rakyat udah rugi tetep bilang bangun sejahtera;negative
241;uuhpp relevan kena pajak minimum;positive
242;pajak rakyet kejar sasar pajak kolongmerat amnesti diam;negative
243;selamat pagi negeri kabar orang kaya pajak nya bebas rakyat peras pajak;negative
244;rakyat uber pajak eh menteri ngumpetin pajak asemm pajakperasrakyat;negative
245;rakyat peras pajak jabat sembunyi harta negara suaka pajak gak bayar pajak;negative
246;rezimoligarki nelayan tinggal pimpin tampil pimpin oligarki lahir usung oligarki plang pajak nikmat blbi era megawati bijak negara arah fasilitas mau rendah oligarki;negative
247;rezimoligarki nelayan tinggal pimpin tampil pimpin oligarki lahir usung oligarki plang pajak nikmat blbi era megawati bijak negara arah fasilitas mau rendah oligarki;negative
248;efek gotong-royong uuhpp gaji rp juta bebas pajak lengkap;positive
249;rakyat kejar pajak cukai ppn dll genjot;negative
250;umkm bebas pajak;positive
251;tanda negara hancur segi ekonomi rakyat palak aneka pajak utang gunung;negative
252;dipajakin ya gak kena pajak pajakperasrakyat pajakperasrakyat;negative
253;inget ya fak perintah islami kapitalisme tegak pajak pajakperasrakyat;negative
254;kemenkeu klaim terap pajak karbon terap asas adil perhati masyarakat;positive
255;heran bayar pake pajak kerja bayar buzzer;negative
256;rakyat jelata objek pajak nya;negative
257;usaha gede bebas pajak rakyat dinaikin pajak harta kaya jabat drastis;negative
258;elit pesta pora hasil korupsi rakyat tanggung utang negara pajak pajakperasrakyat;negative
259;perintah target kumpul pajak taxamnesty salah program reformasi sistem paja;positive
260;rencana ppn sembako nilai sengsara tani nelayan kondisi sulit beban;negative
261;sembako kena pajak sekolah kena pajak tenang barang butuh pokok jasa didik bebas pajak ruuhpp;negative
262;ratus nelayan pati jawa gelar aksi kibar bendera putih biaya terima negara pajak;negative
263;nelayan juwana pati ngeluh pajak pajakperasrakyat;negative
264;presiden super jenius bijak hancur harap rakyat hidup sejahtera tanggung kalo pajak rakyat kentut kena pajak pajakmemerasrakya;negative
265;prie rumit banget yaa pajak pajakperasrakyat;negative
266;perintah dapet duit dr pajak rakyat rakyat dizolimi perintah ngotot nagih duit rakyat dr pajak;negative
267;pajak rakyet kejar sasar pajak kolongmerat amnesti ampun situ adil si kaya zhalim rakyat jelata pajakmemerasrakyat pajakmemerasrakyat;negative
268;uang negara pajak rakyat habis bayar buzzerp olok anak bangsa tagar kadrunbusuk;negative
269;hutan gunung sawah laut simpan kaya aja kalee rakyat pajak aja porotin aja pajakperasrakyat pajakperasrakyat;negative
270;adil pajak mutlak wujud perata ekonomi indonesia maju jokowi bangun negeri;positive
271;kawanpajak implementasi pajak karbon uuhpp pajakberkeadilan;positive
272;peran pajak bangun nasional indonesia pajak cegah inflasi dorong ukm kembang tingkat investasi negeri negeri indonesiamaju jokowimembangunnegeri;positive
273;perintah ga kalo kritisi bebal penuh tekateki rakyat nanggung beban hutang pajak;negative
274;rakyat tanggung beban pajak anggap orang kaya jabat aja cela jiga ugalan gak amanah kalo genggam kuasa;negative
275;iyah neng untung rakyat konglomerat aseng cukong gede objek pajak akal pailit ga bayat pajak fasilitas ampun pajak mutih rakyat repot sembako pajak;negative
276;hubung hutang pajak hutang tumpuk pajakperasrakyat;negative
277;rakyat suruh bayar pajak jabat aja enggan pandora papers skandal;negative
278;jabat bak pangeran rakyat budak rakyat bayar pajak jabat nikmat;negative
279;tanda negara hancur aneka ragam pajak pungut rakyat pajakperasrakyat;negative
280;majakin batas giat rakyat lha ppkm aja jilid pajak digedein pajakperasrakyat;negative
281;uang pajak pakai biaya buzzerrp gak sih;negative
282;percaya eksekutif legislatif yudikatif pilih pilih;positive
283;efek gotong-royong uuhpp gaji rp juta bebas pajak;positive
284;bang timbang khusus kena pajak pajakperasrakyat;negative
285;sederhana perintah pajak pajakperasrakyat;negative
286;nik npwp kerja tugas pajak mudah;positive
287;pajak biadab hasil adab bullshit istilah warga negara taat pajak hoeeek b;negative
288;orang bijak taat pajak asiiik rakyat palak kudu bijak koruptor senyum duit orang bijak halal rezim korupt;negative
289;tega banget ya gede bebas pajak tax holiday royalti batu bara hapus negara rugi rp triliun eh pajak nelayan persen rr;negative
290;nik npwp atur implementasi integrasi data duduk paja wajib;positive
291;tuju pajak koruptor hukum mati pajakperasrakyat;negative
292;bangun kereta cepat yaaa pindah ibukota sing bayar pajak yaaa penting rakyat rakyat;negative
293;peran pajak negara maju andal pajak dapat negara awas tugas pajak laksana tugas hindar suap korupsi;positive
294;ironi karpet merah kemplang pajak ruuhpp a thread pajakperasrakyat;negative
295;bayar pajak biar negara gak hutang;positive
296;pajak;negative
297;pajak bangun kelabu fakta bangun rezim sejahtera rakyat rakyat jamin utang pajak belenggu pajakperasrakyat pajakperasrakyat;negative
298;kirain simpel aja pajak ya pajakperasrakyat pajakperasrakyat gitu doang ga belit;negative
299;muncul seru tangkap airlangga lbp rakyat mati bayar pajak sial lu;negative
300;muncul seru tangkap luhut airlangga rakyat mati bayar pajak situ ngumpet-ngumpet;negative
301;pajak haram harta riba negara sekuler haram pajak pajakperasrakyat pajakperasrakyat;negative
302;opung main pajak gilir rakyat beli sembako peras pajak president nya tau opung main pajak diem aja pura ga tau takut ya pajakperasrakyat pajakperasrakyat;negative
303;pajakperasrakyat;negative
304;ngutang pajak darah daging kuasa pajakperasrakyat pajakperasrakyat;negative
305;peras tuh susu pajak pajakperasrakyat pajakperasrakyat;negative
306;horang kaya raya oligarki taxamnesty rakyat kek nelayan pajak dinaikin situ waras bong pajakperasrakyat;negative
307;wajib bayar pajak orang bayar pajak tentu kelas wajib pajak pajakperasrakyat pajakperasrakyat;negative
308;pajak adil konsumsi masyarakat hasil bebas pajak;positive
309;sistem paja cipta stabilitas terima pajak jaga;positive
310;alas hapus pajak batubara takut oligarki takut uang pergi beban pajak pajakperasrakyat pajakperasrakyat;negative
311;nik npwp integrasi data duduk sistem administrasi pajak;positive
312;pajak murah masyarakat hasil rendah;positive
313;indonesia reformasi pajak pajak adilsehat efektif akuntabel reformasi pajak;positive
314;alur capai indonesiamaju butuh tumbuh ekonomi capai pertumb;positive
315;reformasi pajak indonesia cita indonesia maju;positive
316;ruuhpp langkah reformasi pajak masyarakat umkm cek fakta ruuhpp;positive
317;reformasi pajak mata rantai pisah reformasi pajak jalan pandemi;positive
318;ruu harmonisasi atur paja hpp sah ruuhpp komponen reformasi;positive
319;salah bayar pajak dah tau duit ngegaji ketupat sayur smh gitu milu milih kocak;negative
320;sakit kepala perkara pajak;negative
321;reformasi pajak adil sehat efektif akuntabel dorong iklim ekonomi indonesia;positive
322;wajib pajak pajakperasrakyat pajakperasrakyat;negative
323;sedih gua bayar pajak mahal uang makan buzzer;negative
324;reputasi level dunia strategi giat gerak laju perekonimian negara skenario nggak l;positive
325;rei berarap bijak taxamnesty ampun pajak dorong tumbuh sektor properti indonesia;positive
326;bu kalo kerja ngutang naikin pajak kyknya ga repot menteri bantu tetangga aja jago;negative
327;horang kayah libur pajak horang miskin pajak otak jenius pajakperasrakyat pajakperasrakyat;negative
328;rakyat peras pajak habis kemplang pajak indonesia ringan sanksi pidana enak;negative
329;jaman raja nya ah pungut nya pajak nama nya upeti udah pajakperasrakyat pajakperasrakyat;negative
330;tari pajak kontradiktif orang kaya insentif rakyat kena tarif pajakperasrakyat;negative
331;pajak rakyat rebah pajakperasrakyat pajakperasrakyat;negative
332;tanda negeri hancur rakyat beban pajak cekik;negative
333;pajak oh pajak pajakperasrakyat pajakperasrakyat;negative
334;wujud perintah laku usaha mikro tuang uuhpp umkm;positive
335;lumayan nambah nambahin pasu bayar pajak alhamdulillah pajakperasrakyat;negative
336;wujud pihak perintah laku usaha mikro tuang uuhpp umkm hasil bruto rp juta kena pajak pajakberkeadilan;positive
337;jokowi kemplang pajak eksekusi ampun omong doang mazzz pajakperasrakyat;negative
338;mbak sri pajak ppn tanggal april pajakperasrakyat pajakperasrakyat;negative
339;berkah negara pake pajak makan minum harta rakyat pajak izin syariat allah;negative
340;islam haram pajak negara layak hapus pajak pajakperasrakyat pajakperasrakyat;negative
341;pajak hakekatnya hina rakyat rakyat kontrak negeri makan harta pajak;negative
342;pajak kedzoliman harta rakyat jelata pajak sejati peras rakyat bahasa budak;negative
343;sedih orang miskin rakyat pajak dinaikin;negative
344;utang pajak sektor tingkat kerja plus basmi;negative
345;rencana pajak sembako sukamta pks rakyat daya pajakperasrakyat pajakperasrakyat;negative
346;ruu omnibus law cipta kerja ruuhpp jalan mulus uuhpp laku kemplang pajak kelas kakap;negative
347;target pajak rakyat korban iya pajakperasrakyat pajakperasrakyat;negative
348;pajakperasrakyat menteri uang hebat bangun negara modal hutang pajak lini hidup rakyat sejahtera rengkuh pajakperasrakyat;negative
349;pajak usaha bayar produk pajak ya rakyat;negative
350;sda kaya rakyat sejahtera pajak pajakperasrakyat;negative
351;tarif pajak kontradiktif orang kaya insentif rakyat kena tarif pajakperasrakyat;negative
352;tarif pajak persen ekonom risiko ppn tarif risiko terhada;negative
353;pajak januari orang ri beban ri kalang;negative
354;ya sisi pajak pajakperasrakyat pajakperasrakyat;negative
355;evaluasi defensif mentang institusi negara gak bangkrut sial bayar pajak wajib tetep funding institusi atas gak peduli konsumen ni polri usaha swasta udah bangkrut konsumen review-nya bintang;negative
356;pajak tol kerja sulit rakyat cekik basa-basi pajakperasrakyat;negative
357;jaman raja pungut nya pajak nama nya upeti udah pajakperasrakyat;negative
358;hancur tindak biasa biar;negative
359;ruwet ruwet pajak infrastruktur jual swasta harga super murah pajakperasrakyat;negative
360;pajak haram harta riba negara sekuler haram pajak pajakperasrakyat;negative
361;berkah negara pake pajak mana makan minum harta rakyat pajak izin syariat allah ambil pajak sembako rakyat pajak batu pasir rakyat pajakperasrakyat pajakperasrakyat;negative
362;pajak hakekatnya hina rakyat rakyat kontrak negeri makan harta pajak hakekatnya isi perut bara api neraka pajakperasrakyat pajakperasrakyat;negative
363;pajak kedzoliman harta rakyat jelata pajak sejati peras rakyat bahasa budak rakyat pajak sebelas belas istilah upeti sistem raja pajakperasrakyat pajakperasrakyat;negative
364;pajak cela keras rasulullah saw laknat pajak haram perintah islami kapitalisme tegak pajak pajakperasrakyat pajakperasrakyat;negative
365;kalo mui gak ridho umat muslim gak ridho pajakperasrakyat;negative
366;pks sepakat rencana tarif pajak nilai ppn persen laku;negative
367;rakyat tolak pajak pajakperasrakyat pajakperasrakyat rakyat susah;negative
368;pajak bayar hutang hutang pajakperasrakyat;negative
369;lapor gaji juta biar kena pajak pajakperasrakyat;negative
370;sungguh ironi rezim jokowi rakyat kena pajak kasihan nasib nelayan orang kaya bebas pajak pajakperasrakyat pajakperasrakyat;negative
371;pajak rakyat cekik sungguh kuasa urus urus rakyat tanggung terha;negative
372;pajak cekik rakyat orang kaya bebas pajak hatinuran nya mana nelayan pajak gede gak pajak pandora lindung pajakperasrakyat pajakperasrakyat;negative
373;utang tumpuk negeri milik kaya alam limpah sayang kaya alam rasa rakyat nikmat konglomerat negara sekarat perintah malak rakyat nama pajak pajakperasrakyat pajakperasrakyat;negative
374;tahu usaha cangkang negara suaka pajak lbp berani ngebacot kejar wni bayar pajak jokowibencanabagirakyat;negative
375;tni gaji negara rakyat gaji negara pajak musuh asing perang;negative
376;bayar pajak tetep gabisa nambal hutang ga pake hutang sih ya cabut aja;negative
377;pajakperasrakyat pajakperasrakyat hutang tingkat pajak jerat taxman the beatles;negative
378;pajak aja beda zaman kumpeni hahahaha;negative
379;sibuk ngumpulin pajak gak duli laku usaha tengah bayar pajak entar maling ama jabat pajakperasrakyat pajakperasrakyat;negative
380;pajak paksa negara zakat wajib paksa syariah islam negara musuh agama gak percaya liat noh eropa;negative
381;bayar pajak kuras habis pajakperasrakyat;negative
382;daftar bijak plinplan jokowi kereta cepat-amnesti pajak pajakperasrakyat;negative
383;harga barang biaya hidup pajak rakyat makan pajakperasrakyat;negative
384;sibuk ngumpulin pajak sibuk maling pajak dasar tikus rakus;negative
385;pajakperasrakyat pajakperasrakyat rakyat paksa pajak negara sejahtera rakyat bantu angkat;negative
386;lapor panama pandora papers fakta oligarki indonesia pupuk kaya lolos pajak negara;negative
387;ogah bayar pajak kalo duit masuk kantong koruptor;negative
388;tanda tanda negara hancur pajak pungut ibnu khaldun pajakperasrakyat;negative
389;lahir tanggung hutang kah ber ktp kena pajak;negative
390;salah tuju uuhpp cipta adil tara masyarakat menengah-bawah umkm pihak wujud bebas pph umkm hasil bruto rp juta tahun;positive
391;maruk kemplang pajak jaman harto nyinyirsekarang lu borong;negative
392;analis bijak publik sorot uu pajak rakyat peras kemplang diskon;negative
393;pajak rakyat cekik sungguh kuasa urus urus rakyat tanggung rakyat urus hr muslim ahmad pajakperasrakyat pajakperasrakyat;negative
394;agresif tambah utang mampu bayar perintah turun lihat pajak naik;negative
395;rampok paksa rakyat kemas pajak elit sadar pajakperasrakyat;negative
396;suku asing sebab masyarakat gak sanggup bayar pajak paksa kerja paksa jajah hidup susah masuk hutan hidup kolon miris negara negara jajah jajah;negative
397;serius kejar target pajak berani rakyat pajak receh gede gak berani;negative
398;usaha kemplang pajak manja rakyat peras pajakperasrakyat pajakperasrakyat;negative
399;pungut pajak nelayan pati ancam laut pajakperasrakyat pajakperasrakyat;negative
400;rakyat suruh bayar pajak jabat gelap pajak piye pajakperasrakyat;negative
401;opini naik ppn perintah harap terima pajak untung perintah buntung naik ppn dampak lemah ekonomi;positive
402;ayo orang telat bayar pajak ya program ampun pajak orang kaya kendala pajakperasrakyat;negative
403;uu pegawai hasil rp juta kena pajak rp ribu potong nya pajakperasrakyat pajakperasrakyat;negative
404;pajak orang kokay ampun pajak rakyat tambah mantab moga bahan bakar neraka buat bijak aamiin pajakperasrakyat;negative
405;ga habis pikir horang kaya kemplang pajak ampun orang pajak naik pajakperasrakyat pajakperasrakyat;negative
406;solusi nya pajak mah gak menkeu pajakperasrakyat pajakperasrakyat;negative
407;wow atur gaji rp juta kena pajak pajakperasrakyat pajakperasrakyat;negative
408;menteri uang bilang pajak orang ri beban pajak pajakperasrakyat;negative
409;lambung rizalramli kritik perintah kait hapus royalti batu bara negara rugi;negative
410;ayo opung air bayar pajak ya pajakperasrakyat;negative
411;rakyat kejar kejar pajak miskin koruptor agree pajak perasr akyat;negative
412;royalti batu bara hapus pajak nelayan persen rizalramli oligarki untung rakyat peras bikin;negative
413;tanda tanda negara hancur pajak pungut ibnu khaldun pajakperasrakyat;negative
414;pajak pajakperasrakyat;negative
415;ampun perompak pajak perompak jaya negara korupsi sembunyi haram haram bayar denda;negative
416;nganggur kena pajak ga bayar penjara rezim jajah pajakperasrakyat;negative
417;pajak tertawa pajakperasrakyat pajakperasrakyat;negative
418;rakyat hasil pas amnesti pajak yaak pajakperasrakyat;negative
419;tanda negara hancur aneka ragam pajak pungut rakyat;negative
420;nik npwp ditjen pajak milik nik wajib pajak pajakperasrakyat pajakperasrakyat;negative
421;pajak rakyat nak pajak cukong kasih taxamnesty pajak batubara hapus hebat;negative
422;salah indikasi negara bangkrut gila pungut pajak rakyat beda preman;negative
423;pajak belanja baju makan bikin kantong bolong pajakperasrakyat pajakperasrakyat;negative
424;pajak jajan makan baju mahal pajakperasrakyat pajakperasrakyat;negative
425;rampok paksa rakyat kemas pajak elit sadar pajakperasrakyat pajakperasrakyat;negative
426;pajak beban rakyak negara kritis pajakperasrakyat pajakperasrakyat;negative
427;pajak gaji karayawan ga kaya jabat nyaman fasilitas asn pajakperasrakyat;negative
428;rakyat dipajakin konglomerat dibebasin pajak jabat hindar pajak pajakperasrakyat pajakperasrakyat;negative
429;kerja kerja kerja biar kena pajak;negative
430;rakyat dipajakin konglomerat dibebasin pajak;negative
431;nama pajak beban situ waras menteri pajakperasrakyat pajakperasrakyat;negative
432;rakyat pajak usaha ringan pajak taxamnesty pajakperasrakyat;negative
433;rakyat peras pajak habis kemplang pajak indonesia ringan sanksi pidana enak;negative
434;pajak karbon ri selamat ancam seram covid;positive
435;tanda negara hancur segi ekonomi rakyat palak aneka pajak utang gunung bayar hutang bayar bunga hutang sanggup rakyat cekik pajak usaha raksasa bebas pajak;negative
436;rakyat suruh bayar pajak jabat ngemplang pajak biar bebas;negative
437;rakyat suruh bayar pajak jabat ngemplang pajak biar bebas;negative
438;pinangki korup gaji rakyat palak pajak kian tingkat bencana;negative
439;enak yoo orang kayah ampun kalo ngemplang pajak pajakperasrakyat pajakperasrakyat;negative
440;akselerasi pajak bayar utang riba sungguh bagong sitiii pajakperasrakyat pajakperasrakyat;negative
441;usaha gede bebas pajak rakyat dinaikin pajak harta kaya jabat drat ppkm koar nkri harga mati pajakperasrakyat pajakperasrakyat;negative
442;dasar berhala pajak bikin rakyat kena pajak pajakperasrakyat pajakperasrakyat;negative
443;timbul persepsi kalang grassroot utak atik naikin pajak cuman bayar hutang negara;negative
444;orang kaya beli mobil mewah bebas pajak sembako rakyat dipajakin jenius cuba pajakperasrakyat;negative
445;tanda negara hancur pajak pungut pajakperasrakyat;negative
446;nasib hidup negeri wakanda ngutang kuasa lepas tuh rakyat suruh bayar pajak bikin;negative
447;moga ide tari pajak dukung nya seprti ariel shanon;negative
448;orang keruk harta negara pajak rakyat nama penghianat rakyat penghianat negara;negative
449;orang kaya mudah rakyat ratus kapal nelayan laut sanggup;negative
450;pajak bawa kabur pandora papers;negative
451;miliar pinjam bank nanggung rakyat jelata ambil pajak dsb pake nama rakyat jalan tol bisnis ayam telur emas jual telur emas ayam postingan tolol;negative
452;pusing stres mahal mahal bbm listrik pajak dll ekonomi merosot biaya hidup pajakperasrakyat pajakperasrakyat;negative
453;royalti bara hapus pajak nelayan persen rizalramli oligarki untung pajakperasrakyat pajak peras;negative
454;rakyat jabat kaya raya kemplang pajak rakyat miskin peras pajak kaya taxamnesty miskin;negative
455;rakyat jabat kaya raya kemplang pajak rakyat miskin peras pajak kaya taxamnesty;negative
456;orang kaya pengemplanng pajak;negative
457;aja cekik hisap darah rakyat pajak rakyat kejar eiitz lakon pandora papers dah kejar blom pajakperasrakyat pajakperasrakyat;negative
458;bijak rugi rakyat negara rugi rakyat paksa keluar uang tambah naik pajak rugi negara hilang dapat sempat bangun negara pajak hapus;negative
459;ampunn deh cukong bebas pajak rakyat tekan pajak sengsara rakyat negeri ku pajakperasrakyat pajakperasrakyat;negative
460;rakyat kerja keras bayar pajak pajakperasrakyat pajakperasrakyat;negative
461;ntr kena pajak pajakperasrakyat pajakperasrakyat;negative
462;nya tekan rakyat rakyat bebas pajak;negative
463;enak emen cukong bebas pajak rakyat tekan pajak pajakperasrakyat;negative
464;jabat bak pangeran rakyat budak rakyat bayar pajak jabat nikmat pajakperasrakyat pajakperasrakyat;negative
465;pajak preman uang paksa pajakperasrakyat pajakperasrakyat;negative
466;ikan mahal pajakperasrakyat pajakperasrakyat;negative
467;hutang negara pajak tol jual pajakperasrakyat;negative
468;gw bodo rakyat bebas pajak pajakperasrakyat pajakperasrakyat;negative
469;wa alaikumussalam astaghfirullohalafziim yaa ampuunn negeri rakyat susah kena pajak;negative
470;ktp npwp langsung wajib pajak pajakperasrakyat pajakperasrakyat;negative
471;pajak bikin sengsara rakyat pajakperasrakyat pajakperasrakyat;negative
472;sistem kapitalis pil emang rakyat peras tindas pajak kongklomerat jabat ampun pajak masyarakat sadar;negative
473;horang kayah libur pajak horang miskin pajak otak jenius pajakperasrakyat;negative
474;elit pesta pora hasil korupsi rakyat tanggung utang negara pajak pajakperasrakyat;negative
475;jokowi bohong bodo tu kereta tetep aja gw bus murah kereta cepat sptnya;negative
476;hutang los kontrol kelola an tambah emosi citra ugal an infrastruktur hitung aset jual rugi ahirnya rakyat didzolimi jadi korban pajakperasrakyat pajakperasrakyat;negative
477;lapang kerja perhati pajak perhati penuh miris negara emis rakyat salah;negative
478;cak pajak pajakperasrakyat;negative
479;inna lillahi wa inna ilaihi rojiun ujung utang gunung beban rakyat pajak pajakperasrakyat pajakperasrakyat;negative
480;beban pajak rakyat brarti negara makmur sda kelola pajakperasrakyat pajakperasrakyat;negative
481;paksa bayar pajak negri pajak nya korupsi pajakperasrakyat;negative
482;pajakperasrakyat pajakperasrakyat rakyat bayar pajak mahal bayar utang;negative
483;klasifikasi pajak dasar tinggal pajakperasrakyat pajakperasrakyat;negative
484;rakyat cm tauk pajak pajak pajakperasrakyat pajakperasrakyat;negative
485;amnesty pajak manja kemplang pajakperasrakyat;negative
486;rakyat bayar pajak biar kolaps ni rezim mukidi;negative
487;wa alaikumussalam walah walah kayak berhala pajak rakyat sengsara;negative
488;pajakperasrakyat pajak oh pajak pajakperasrakyat;negative
489;amnesty pajak manja kemplang pajakperasrakyat pajakperasrakyat;negative
490;uu pajak sah jerat pungut pajak tebar pajakperasrakyat pajakperasrakyat;negative
491;pajakperasrakyat pajakperasrakyat mudah mungut pph orang pribadi awam kait atur pajak;negative
492;pajakperasrakyat jabat ngumpetin pajak sue;negative
493;pajakperasrakyat pajakperasrakyat;negative
494;nama pajak beban situ waras menteri pajakperasrakyat pajakperasrakyat;negative
495;pajakperasrakyat pajakperasrakyat;negative
496;perintah sempat kemplang pajak depan ultimum remidium ganti rugi negara tambah sanksi pajakperasrakyat pajakperasrakyat;negative
497;iya cinta mati pajak utang pajakperasrakyat pajakperasrakyat;negative
498;laku aniaya dzhalim mungut pajak cukai makan barang haram bunuh;negative
499;pajak kelola negara maju rakyat sejahtera pajak negara hutang rakyat sengsara;negative
500;pajak nyusahin hidup rakyat pajak perasr akyat pajakperasrakyat;negative
501;pajak duit mom kalo deket ciprat pajakp eras rakyat pajakperasrakyat;negative
502;bayang pajak beli kuota ga yah pajakperasrakyat pajakperasrakyat;negative
503;kritik tajam kesah ruuhpp said didu hilang sanksi pidana kemplang pajak pajakperasrakyat pajak;negative
504;salah indikasi negara bangkrut gila pungut pajak rakyat beda preman anggur laper jalan malak paksa;negative
505;sih ngotot bagent utak-atik terima negara pajak coba deh focus evaluasi terima;negative
506;pantes aja pajak dinaikin pantes aja kena pajak;negative
507;rakyat bayar pajak rakyat melarat jabat rakyat keblangsak pajakperasrakyat pajakperasrakyat;negative
508;bayar pajak elit politik bikin usaha cangkang negara tax haven;negative
509;rakyat bebas pajak serasa zaman kolonial pajakperasrakyat pajakperasrakyat;negative
510;ekonomi direktur celios bhima yudhistira nilai ampun pajak jilidii efektif;negative
511;rakyat bayar pajak rakyat melarat yan g jabat rakyat keblangsak pajakperasrakyat;negative
512;bilang ambil hutang pajak bijak tunjang masyarakat cabut perlahan jokowi bohong;negative
513;pajak sembako cekik rakyat pajakperasrakyat pajakperasrakyat;negative
514;peras aja sampe bayi kena pajak pajakperasrakyat pajakperasrakyat;negative
515;iya nelayan kena pajak ppn kali kena pajak pajakperasrakyat pajakperasrakyat;negative
516;pajak tingkat drastis miskin ratingnya hasil pajak mafia politik;negative
517;taxamnesty usaha kemplang pajak diam rakyat;negative
518;usaha tax amnesti rakyat kejar pajak progresif nya pajakperasrakyat pajakperasrakyat;negative
519;integrasi nik npwp mudah wajib pajak orang pribadi npwp wajib bayar pajak;positive
520;uuhpp manja kemplang pajak denda dikurangi-pidana hapus pajakperasrakyat pajakperasrakyat;negative
521;ciri negara bangkrut cari sumber uang negara pajak rakyat pajakperasrakyat;negative
522;bu kalo kerja bisa ngutang naikin pajak kyknya ga repot menteri bantu tetangga aja jago tamat sd pajakperasrakyat pajakperasrakyat;negative
523;ekonomi roket koq naikkin pajak rakyat pajakperasrakyat;negative
524;daftar bijak plinplan jokowi kereta cepat-amnesti pajak pajakperasrakyat pajakperasrakyat;negative
525;pajak didik cekik rakyat pajakperasrakyat pajakperasrakyat;negative
526;tanda negara hancur aneka ragam pajak pungut rakyat ibnu khaldun;negative
527;pagi cangkir kopi pagi uda kena pajak pajakperasrakyat hebat coba negara pimpin jenius pajakperasrakyat;negative
528;taxamnesty usaha kemplang pajak diam rakyat naik pajak pajakperasrakyat pajakperasrakyat;negative
529;pinangki korup gaji rakyat palak pajak kian tingkat bencana pajakperasrakyat pajakperasrakyat;negative
530;ngemplang pajak ya pajakperasrakyat pajakperasrakyat sanksi pidana kemplang pajak diha;negative
531;pajak rakyat rampok nama bangun pajakperasrakyat pajakperasrakyat;negative
532;rakyat jelata bayar pajak foto kaya gitu;negative
533;kerja mudah hasil ya naikin pajak pajakperasrakyat pajakperasrakyat;negative
534;udah gaji dpotong pajak orang kaya ama usaha nooh pajak kejar kejar pajakperasrakyat pajakperasrakyat;negative
535;rakyat kena imbas pajak dinaikin gara-gara ya pajakperasrakyat pajakperasrakyat;negative
536;atur gaji rp juta kena pajak pajakperasrakyat pajakperasrakyat;negative
537;wa alaikumussalam astaghfirullohalafziim yaa ampuunn negeri rakyat susah kena pajak pajakperasrakyat pajakperasrakyat;negative
538;fix ya banget ktp situ pajak bayar ngemis rakyat bayar huat bayar pajak;negative
539;bijak jenius pajakperasrakyat pajakperasrakyat sumber;negative
540;rakyat tengah jepit ekonomi pandemi bayar pajak kasih konglo hitam amnesti pajak pajakperasrakyat;negative
541;rakyat bebas pajak serasa zaman kolonial pajakperasrakyat pajakperasrakyat;negative
542;pajak redzim tumbang;negative
543;gilir rakyat kejar bayar pajak pajakperasrakyat pajakperasrakyat kemplang pajak indonesia keringa;negative
544;bhima nilai taxamnesty jilidii blunder dampak turun patuh pajak pajakperasrakyat;negative
545;orang kaya mudah rakyat ratus kapal nelayan laut sanggup;negative
546;juta massa aksi hrs nya pionir bah negeri coba laku aksi petisi tolak pajakperasrakyat;negative
547;sanksi pidana kemplang pajak hapus pajakperasrakyat pajakperasrakyat;negative
548;rakyat peras pajak pajakperasrakyat pajakperasrakyat;negative
549;efek ppn nelayan kena pajak nelayan kendala uang pajak efek ikan mahal ikan laut pajakperasrakyat pajakperasrakyat;negative
550;tetap pajak tambah nilai ppn april yakin timbul risiko pulih ekonomi pajakperasrakyat pajakperasrakyat;negative
551;pajak luhut airlangga cina cina kemplang rakyat susah apa kau pajak joo kee;negative
552;batas kmampuan pikir nya mentok hnya pajak pajakperasrakyat pajakperasrakyat;negative
553;orang kaya mudah rakyat ratus kapal nelayan laut;negative
554;tanda perintah negara hancur pajak pungut ibnu khaldun;negative
555;kuli tukang batu kena pajak pajakperasrakyat pajakperasrakyat;negative
556;rakyat lapar krena pajak pajakperasrakyat pajakperasrakyat;negative
557;royalti batu bara hapus pajak nelayan persen rizalramli oligarki untung rakyat peras bikin;negative
558;hasil wakanda land pajak rakyat pajakperasrakyat pajakperasrakyat;negative
559;gila nya negeri ku smua dlihat mnjadi sumber pajak pajakperasrakyat pajakperasrakyat;negative
560;orde gila pajak pajakperasrakyat pajakperasrakyat;negative
561;orang bayar pajak motor butut susul rumah pajakperasrakyat;negative
562;ruu omnibus law cipta kerja ruuhpp jalan mulus uuhpp laku kemplang pajak kelas kakap lega ruuhpp atur tentangg hapus sanksi pidana wajib pajak program pps pajakmemerasrakyat;negative
563;pajak budaya yahudi ribawi pajakperasrakyat pajakperasrakyat;negative
564;rakyat susah beban pajak pajakperasrakyat pajakperasrakyat;negative
565;negara hutang rakyat harus bantu bayar pajak korupsi sengaja garong uang negara vonis hukum ringan diskon sih sejahtera negara pajakperasrakyat;negative
566;belanja warung aja mak gak kena pajak pajakperasrakyat pajakperasrakyat;negative
567;pajak sapa beban aja udah kembang kempis pajakperasrakyat;negative
568;gara pajak pajakperasrakyat pajakperasrakyat;negative
569;horang kaya raya oligarki taxamnesty rakyat kek nelayan pajak dinaikin situ waras bong pajakperasrakyat pajakperasrakyat;negative
570;cokin kuasa rezim hancur kuasa negara banyakin hutang gede;negative
571;rakyat mati cekik pajak pajakperasrakyat pajakperasrakyat;negative
572;akibat serakah jabat korban masyarakat bayar pajak;negative
573;hidup bayar pajak pajakperasrakyat pajakperasrakyat;negative
574;negeri bangkrut rakyat kena pajak ngeribanget pajakperasrakyat pajakperasrakyat;negative
575;selamat pagi negeri kabar orang kaya pajak nya bebas rakyat peras;negative
576;buwat modalin kemplang pajak apah pph pajakperasrakyat pajakperasrakyat;negative
577;tagar kena pajak pajakperasrakyat pajakperasrakyat;negative
578;patut duga laku jahat konstitusi tuduh beban rakyat pajak rakyat miskin jamin hidup konstitusi langgar pasal uud pajakperasrakyat pajakperasrakyat;negative
579;ayo bayar pajak bangun pajakperasrakyat pajakperasrakyat;negative
580;nik npwp milik ktp bayar pajak tarif ppn kemenkeu bilang orang ri beban rakyat laksana sandwich or kanebo hutang ugalan rezim orang;positive
581;dukung pimpin bohong biar siksa malaikat bohongin pajak;negative
582;orang bijak taat pajak pajak bijak ambyar pajakperasrakyat pajakperasrakyat;negative
583;jokowi kemplang pajak eksekusi ampun omong doang mazzz pajakperasrakyat pajakperasrakyat;negative
584;pajakperasrakyat pajakperasrakyat pro kontra atur pajak harga barang mahal;negative
585;rencana ppn sembako nilai sengsara tani nelayan kondisi sulit beban;negative
586;males orang bayar pajak rakyat korban wajib rakyat bener;negative
587;fix ya ktp situ pajak bayar emis rakyat bayar hutang pajakperasrakyat pajakperasrakyat;negative
588;kenyang makan pajak pantes aja gaya hidup pajakperasrakyat pajak abnormal pajakperasrakyat;negative
589;pajak upeti negara sistem pajak negara budak rakyat budak negara pajak tambah budak rezim gagal kelola sumber daya alam potensi sumber daya instrumen utama pasu kas negara pajakperasrakyat;negative
590;usaha gede bebas pajak nelayan persen rizalramli tega banget ya pajakperasrakyat;negative
591;rakyat suruh bayar pajak jabat ngemplang pajak biar bebas liar simpan harta negara suaka pajak pajakperasrakyat pajakperasrakyat;negative
592;jabat kemplang pajak pandora paper tenang nyaman rakyat kemplang pajak pajakperasrakyat pajakperasrakyat;negative
593;kenyang makan pajak pantes aja gaya hidup pajakperasrakyat pajak abnormal pajakperasrakyat;negative
594;bismillah rakyat derita beban pajak orang kaya ampun pajak jabat korupsi;negative
595;orang kaya beli mobil mewah bebas pajak rakyat sulit agam pajak cekik pajakperasrakyat;negative
596;orang kaya beli mobil mewah bebas pajak sembako rakyat dipajakin jenius coba;negative
597;makan keluarga aja pake kena pajak pajakperasrakyat pajakperasrakyat;negative
598;kritik tajam kesah ruuhpp hilang sanksi kemplang pajak pajakperasrakyat pajakperasrakyat;negative
599;pera tunggak pajak kena denda tunggak pajakperasrakyat pajakperasrakyat;negative
600;said ruuhpp hilang sanksi pidana kemplang pajak pajakperasrakyat pajakperasrakyat;negative
601;kritik tajam kesah ruuhpp said didu hilang sanksi pidana kemplang pajak pajakperasrakyat pajakperasrakyat;negative
602;salah tanda negara bangkrut pajak digedein pajakperasrakyat;negative
603;pajak cekik upeti dzaman jajah pajakperasrakyat;negative
604;inkonsistensi jokowi ditaxamnesty jilidii kereta cepat telan apbn dekat jokowi ubah bijak taxamnesty ampun pajak jilid dana proyek kereta cepat jakarta bandung biaya apbn;negative
605;royalti batu bara hapus negara rugi t eh pajak nelayan interaksiumat;negative
606;bismillah pajak tuk sejahtera rakyat tuk sengsara rakyat pajakperasrakyat;negative
607;gass usaha gede bebas pajak nelayan persen rizalramli tega banget ya pajakperasrakyat pajakperasrakyat;negative
608;pajak nelayan persen rizalramli pajakperasrakyat pajakperasrakyat;negative
609;paraah ntar kalo lahir kena pajak pulak pajakperasrakyat pajakperasrakyat;negative
610;lambung rizalramli kritik perintah kait hapus royalti batu bara negara rugi rp triliun pajakperasrakyat pajakperasrakyat;negative
611;hmmm said didu sorot uu pajak pajak luas rakyat kemplang diskon pajakperasrakyat pajakperasrakyat;negative
612;negara penuh zalim taipan konglomerat nikmat fasilitas ringan pajak garong pajak ngumpetin wajib pajak nya negri suaka pajak biar rakyat beban pajak al sembako dipajakin;negative
613;salah ciri negera krisis rakyat paksa bayar pajak bangun ummat pajakperasrakyat pajakperasrakyat;negative
614;duh bhima nilai taxamnesty jilidii blunder dampak turun patuh pajak pajakperasrakyat pajakperasrakyat;negative
615;menteri uang bilang pajak naik orang ri beban pajak pajakperasrakyat pajakperasrakyat;positive
616;uu paja resmi sah ppn sanksi bayar pajak turun pajakperasrakyat;negative
617;rakyat dipajakin kaya hindar pajak biar gemes rakyattuh pajakperasrakyat pajakperasrakyat;negative
618;royalti batu bara hapus pajak nelayan persen rizalramli oligarki untung rakyat peras bikin susah pajakperasrakyat;negative
619;aja hmm nelayan juwana pati ngeluh pajak pajakperasrakyat pajakperasrakyat;negative
620;kejar rakyat bayar pajak pajakperasrakyat pajakperasrakyat;negative
621;rakyat wajib bayar pajak pajakperasrakyat orang kaya kabar sembunyi;negative
622;bijak pajak rakyat republik investor pajakperasrakyat pajakperasrakyat;negative
623;utang rakyat bayar pajak hasyuk pajakperasrakyat pajakperasrakyat;negative
624;serius kejar target pajak berani rakyat pajak receh gede gak berani pajakperasrakyat;negative
625;pajakperasrakyat pajakperasrakyat ekonom taxamnesty bikin kemplang pajak happy;negative
626;program taxamnesty jilidii balut uuhpp kritik jarak lampau taxamnesty jilid perintah anggap konsisten satu sempat wajib pajak pajakperasrakyat pajakperasrakyat;negative
627;rakyat bayar pajak kemplang pajakperasrakyat pajakperasrakyat;negative
628;uu paja resmi sah ppn sanksi bayar pajak turun pajakperasrakyat pajakperasrakyat;negative
629;perintah kreatif tingkat pajak justifikasi konyol;negative
630;dekat ambil perintah pasif tunggu wajib pajak bayar pajak lapor perintah pajakperasrakyat pajakperasrakyat;negative
631;pajak beban rakyat hasil pajak nikmat koruptor;negative
632;pajak sejahtera pajakperasrakyat pajakperasrakyat;negative
633;legacy tinggal jabatanmenyengserakan rakyat pajak betlipat lipat paksa bangun historycal nya alas senang taipan beri hutang;negative
634;royalti bara hapus pajak nelayan persen rizalramli oligarki untung pajakperasrakyat;negative
635;pro kontra atur pajak harga barang mahal rakyat;negative
636;nik npwp ditjen pajak milik nik wajib pajak pajakperasrakyat;negative
637;ppn undang pajak dampak pajakperasrakyat pajakperasrakyat;negative
638;ko tega ya royalti batu bara hapus pajak nelayan oligarki untung rakyat peras bikin susah rr pajakperasrakyat pajakperasrakyat;negative
639;taipan bebas pajak rakyat cekik pajak;negative
640;pro kontra atur pajak harga barang mahal rakyat;negative
641;pks sepakat rencana tarif pajak nilai ppn persen;negative
642;pajak tukang korup yaa allah tolong musnah manusia manusia tikus das indonesia pajakperasrakyat;negative
643;uu pegawai hasil rp juta kena pajak rp ribu potong nya pajakperasrakyat;negative
644;legislator pks pandora papers bukti jabat ogah bayar pajak pajakperasrakyat pajakperasrakyat;negative
645;royalti batu bara hapus pajak nelayan persen rizalramli oligarki untung pajakperasrakyat pajakperasrakyat;negative
646;perintah kreatif tingkat pajak justifikasi konyol negara;negative
647;taxamnesty ada kemplang pajak buru ampun buru receh pajakperasrakyat pajakperasrakyat;negative
648;pajak daftar barang jasa mahal pajakperasrakyat pajakperasrakyat;negative
649;tega banget ya gede bebas pajak tax holiday royalti batu bara hapus negara rugi;negative
650;orang bijak taat pajak orang pintar mutar-mutar bayar pajak pajakperasrakyat pajakperasrakyat;negative
651;kaya kaya miskin kurus bijak pajakperasrakyat;negative
652;simak hmm bhima nilai taxamnesty jilidii blunder dampak turun;negative
653;kumat ngempalang ekonomi direktur celios bhima yudhistira nilai ampun pajak;negative
654;pajakperasrakyat pajakperasrakyat rakyat peras cukong ngemplang manja rakyat kejar pajak cukong;negative
655;gilir rakyat kejar bayar pajak pajakperasrakyat pajakperasrakyat kemplang pajak indonesia;negative
656;amat ekonomi direktur celios bhima yudhistira nilai ampun pajak jilidii efektif bhima sebut taxamnesty kemplang pajak bahagia pajakperasrakyat pajakperasrakyat;negative
657;pajakperasrakyat pajakperasrakyat rakyat peras oenjajat kemplang pajak manja keren atur;negative
658;tanda negara hancur aneka ragam pajak pungut aneka ragam pajak pungut rakyat;negative
659;duh atur gaji rp juta kena pajak pajakperasrakyat pajak perasr akyat;negative
660;pajak jajan makan baju mahal pajakperasrakyat pajakperasrakyat;negative
661;pltu kena pajak karbon biaya listrik pajakperasrakyat pajakperasrakyat;negative
662;rizalramli sikap perintah usaha bijak tax holiday alias bebas pajak pajakperasrakyat pajakperasrakyat;negative
663;sorot sorot said didu sorot uu pajak pajak luas rakyat kemplang diskon;negative
664;bhima nilai taxamnesty jilidii blunder dampak turun patuh pajak pajakperasrakyat pajakperasrakyat;negative
665;pajak daftar barang jasa mahal pajakperasrakyat pajakperasrakyat;negative
666;rakyat rajin bayar pajak dinaikin orang kaya up pajakperasrakyat;negative
667;rizalramli kritik perintah kait hapus royalti batu bara negara rugi rp triliun;negative
668;eh pajak nelayan persen tukas rizalramli pajakperasrakyat pajakperasrakyat;negative
669;rakyat peras pajak jabat sembunyi harta nya negara suaka pajak gak bayar;negative
670;ppn rakyat korban akibat ekonomi kapitalis serba-serbi mmc perintah dpr tetap naik ppn laku april lantas sistem pajak islam;negative
671;rakyat telat pajak denda konglomerat pajak amnesti;negative
672;ampun perompak pajak perompak jaya negara korupsi sembunyi haram haram bayar denda nya halal jilidii;negative
673;ironis rakyat kejar pajak menko duga skandal pajak masuk lapor pandora paper pikir mati;negative
674;ekonom taxamnesty bikin kemplang pajak happy;negative
675;tax amnesti ppn pph arti amnesti pajak orang gede tombokin masyarakat naik ppn pph kereta cepat mah syahwat aja rasa moga gak bener;negative
676;tajuk pil pahit uu harmonisasi pajak;negative
677;ide gila kalo juta duduk nik nya lapor wajib pajak stiap wp bayar rp aja woow kind of trap;negative
678;program taxamnesty jilidii kemplang pajak sepele anggap bijak;negative
679;bisik oligarki tri antek oligarki rakyat suruh taat pajak jabat ngemplang pajak pandora papers;negative
680;nikmat coba denda pengemlang pajak rang sanksi pidana hapus mantap;negative
681;pandora papers gimana kabar rakyat suruh taat bayar pajak jabat msuk pandora papers;negative
682;pajak perintah milik dana jalan bijak hubung stabilitas harga;positive
683;presiden joko widodo jokowi izin program ampun pajak taxamnesty jilidii langkah nilai turun;negative
684;nelayan lokal sanggup bayar pajak silah minggir monggo kapal nelayan cina cuan balang opung sdm lokal saing naker asing ancooor mah;negative
685;susah aja rakyat;negative
686;bijak jeniius pesan cukong pilpres plang pajak kasih taxamnesty rakyat pajak;negative
687;hasil panen tani th hancur imbas pajak;negative
688;dikaltim ngotot ikn mesti anggar dana banding pajak ambil bumi kaltim dar pisah nkri aja makmur timor leste logika cinta nkri;negative
689;negara makmur rakyat bebas pajak beban pajak hasil gagal pemerin;negative
690;orang bijak taat pajak orang jahat makan pajak;negative
691;bayar pajak asa nggak rela nggak imbal balik aman kurang ekonomi sulit harga mahal pajak;negative
692;rakyat nya dijadiin risol nis peras bayar pajak chuakkkss;negative
693;ironis apbn duit hasil pungut pajak rakyat tuk ngegaji tka proyek tsb buanyaak tkanya mgk gaji jibun apah indo udah kaya-raya ngegaji tka;negative
694;presiden joko widodo jokowi izin program ampun pajak taxamnesty jilidii langkah nilai turun kredibilitas perintah;negative
695;ingkar janji jokowi taxamnesty kereta cepat apbn;negative
696;opini rakyat bayar pajak hidup sulit oligarki cukong das nikmat harta kaya bijak taxamnesty bentuk kuasa bangun zalim;negative
697;muslimahnews udang bakwan nikmat makan beda cerita cukon;negative
698;selamat pagi infrastruktur genius;positive
699;negeri surga oligarki taxamnesty titip cukong das muslimah news;negative
700;program taxamnesty jilidii kemplang pajak sepele anggap bijak b;negative
701;wamenkeu klaim proses taxamnesty jilidii sederhana;positive
702;parah plinplan;negative
703;jokowi ingkar janji taxamnesty kereta cepat jakarta bandung;negative
704;konglomerat taxamnesty;negative
705;muslimahnews udang bakwan nikmat makan beda cerita cukong das taxamnesty rugi rakyat negara;negative
706;taxamnesty jilidii tuju cegah hindar pajak;positive
707;rakyat bayar pajak hidup sulit oligarki cukong das nikmat harta kaya bijak taxamnesty bentuk kuasa bangun zalim;negative
708;ingkar janji jokowi kereta cepat apbn ulang taxamnesty utang;negative
709;direktur riset core indonesia piter abdullah sempat kemplang pajak tuju apa naik pasu negara pajak;negative
710;parah emang bijak plinplan jokowi taxamnesty jilidii-kereta cepat pakai apbn;negative
711;wqwqwq apbn udah defisit orang super kaya kasih taxamnesty rakyat miskin dipajakin sembako pulak ga;negative
712;uu harmonisasi atur pajak uuhpp tuju perintah dpr hilang sanksi pidana kemplang pajak;negative
713;pajakperasrakyat uuhpp profesor baim konten seminar nasional profesor selasa rezim kabinet mustahil beban rakyat pajak babi buta orang kaya kolega jabat kemplang pajak taxamnesty rezim kabinet gotong garong;negative
714;pajakperasrakyat pajakperasrakyat baim konten selasa klepon prestasi profesor seminar nasional uuhpp taxamnesty konco dewe rakyat uber pajak;negative
715;jokowi konsisten alias bohong ingkar janji politik bidang ekonomi kereta cepat pake apbn taxamnesty ii utang pling plang;negative
716;jokowi konsisten alias bohong ingkar janji politik bidang ekonomi kereta cepat pake apbn taxamnesty ii utang pling plang;negative
717;ulang taxamnesty bebas pajak kelompok periode;negative
718;jenius tutup mata bijak rugi negara taxamnesty jilidii rugi rakyat negara rakyat beban pajak negara hilang dapat pajak setor kemplang pajak;negative
719;inkonsistensi jokowi ditaxamnesty jilidii kereta cepat telan apbn jokowi ubah kebija;negative
720;bijak taxamnesty jelas presiden penuh kepentingn usaha plang pajak utang blbi;negative
721;heboh skandal pajak seret nama sembunyi harta petinggi negeri a k a pandora papers indonesia taxamnesty ampun wajib pajak sembunyi harta amanatinstitute;negative
722;orang jenius bebas;positive
723;perintah target kumpul pajak taxamnesty salah program reformasi sistem paja;positive
724;bijak plinplan jokowi taxamnesty jilidii-kereta cepat pakai apbn lol inget buzzer nkri bangga;negative
725;pajakperasrakyat pajakperasrakyat ampun cukong taxamnesty hasil;negative
726;entu rakyat bang kalo rakyat kaya ade taxamnesty pajakperasrakyat pajakperasrakyat;negative
727;horang kaya raya oligarki taxamnesty rakyat kek nelayan pajak dinaikin situ waras bong pajakperasr;negative
728;rei berarap bijak taxamnesty ampun pajak dorong tumbuh sektor properti indonesia;positive
729;ppn taxamnesty menkeu raup rp triliun ah aja ngutang ngutang up;negative
730;bijak plinplan jokowi taxamnesty jilidii-kereta cepat pakai apbn;negative
731;pajak rakyat nak pajak cukong kasih taxamnesty pajak batubara hapus hebat;negative
732;rakyat pajak usaha ringan pajak taxamnesty pajakperasrakyat;negative
733;taxamnesty kabar gagal ya eh;negative
734;rakyat jabat kaya raya kemplang pajak rakyat miskin peras pajak kaya taxamnesty;negative
735;rakyat jabat kaya raya kemplang pajak rakyat miskin peras pajak kaya taxamnesty;negative
736;ekonomi direktur celios bhima yudhistira nilai ampun pajak jilidii efektif;negative
737;berita jokowi bohong kelola uang negara strategi proyek dampak;negative
738;percaya bohong;negative
739;taxamnesty usaha kemplang pajak daiam rakyat;negative
740;ingkar janji jokowi taxamnesty kereta cepat apbn bisnis;negative
741;taxamnesty usaha kemplang pajak diam rakyat naik pajak pajakperasrakyat pajakperasrakyat;negative
742;bhima nilai taxamnesty jilidii blunder dampak turun patuh pajak pajakperasrakyat;negative
743;taxamnesty jilid mutih kasus jahat pajak taxamnesty jilid anggap mutih jahat pajak uang pajakperasrakyat pajakperasrakyat;negative
744;penting jabat usaha dosa uang era pasca dosa putih taxamnesty jilid pajakperasrakyat pajakperasrakyat;negative
745;bijak plinplan jokowi taxamnesty jilidii-kereta cepat pakai apbn rockygerung;negative
746;horang kaya raya oligarki taxamnesty rakyat kek nelayan pajak dinaikin situ waras bong pajakperasrakyat pajakperasrakyat;negative
747;fakta kemplang pajak gara-gara taxamnesty;negative
748;inkonsistensi jokowi ditaxamnesty jilidii kereta cepat telan apbn dekat jokowi ubah bijak taxamnesty ampun pajak jilid dana proyek kereta cepat jakarta bandung biaya apbn pajakperasrakyat;negative
749;salah poin kontroversial ruuhpp program ampun pajak taxamnesty;negative
750;duh bhima nilai taxamnesty jilidii blunder dampak turun patuh pajak pajakperasrakyat pajakperasrakyat tirto id;negative
751;menteri uang sri mulyani kecewa terima negara taxamnesty;negative
752;btw taxamnesty kali jangka bijak bodoh alias goblok korup;negative
753;pajakperasrakyat pajakperasrakyat ekonom taxamnesty bikin kemplang pajak happy;negative
754;menteri uang sri mulyani kecewa sebut terima negara taxamnesty signifikan pajakperasrakyat pajakperasrakyat;negative
755;program taxamnesty jilidii balut uuhpp kritik jarak lampau taxamnesty jilid perintah anggap konsisten satu sempat wajib pajak pajakperasrakyat pajakperasrakyat;negative
756;salah poin kontroversial ruuhpp ada program ampun pajak taxamnesty pajakperasrakyat pajakperasrakyat;negative
757;taxamnesty ada kemplang pajak buru ampun buru receh pajakperasrakyat pajakperasrakyat;negative
758;simak hmm bhima nilai taxamnesty jilidii blunder dampak penuruna;negative
759;pajakperasrakyat pajakperasrakyat ampun cukong taxamnesty hasil sih musti pakai jilid gak kasih evaluasi transparan;negative
760;kumat ngempalang ekonomi direktur celios bhima yudhistira nilai ampun pajak;negative
761;ppn taxamnesty menkeu raup rp triliun ah aja ngutang ngutang;negative
762;amat ekonomi direktur celios bhima yudhistira nilai ampun pajak jilidii efektif bhima sebut taxamnesty kemplang pajak bahagia pajakperasrakyat pajakperasrakyat;negative
763;bhima nilai taxamnesty jilidii blunder dampak turun patuh pajak pajakperasrakyat pajakperasrakyat;negative
764;inkonsistensi dusta dusta dusta dusta sulit ubah darah daging jokowibohonglag;negative
765;kereta cepat taxamnesty utang jenius;negative
766;jokowi ingkar janji taxamnesty kereta cepat apbn;negative
767;ekonom taxamnesty bikin kemplang pajak happy sindonews bukanberitabiasa;negative
768;bukti jokowi jenius tapiboong tempo catat janji jokowi bidang ekonomi b;negative
769;ingkar janji;negative
770;program taxamnesty jilidii kemplang pajak sepele anggap bijak;negative
771;presiden joko widodo jokowi izin program ampun pajak taxamnesty jilidii langkah nilai turun;negative
772;bijak jeniius pesan cukong pilpres plang pajak kasih taxamnesty rakyat pajak;negative
773;ingkar janji taxamnesty kereta cepat apbn jokowibohonglagi;negative
774;asik program taxamnesty jilidii januari juni ndak ngulang ampun pajak gagal nambah pasu negara sektor pajak;negative
775;bijak plinplan jokowi taxamnesty jilidii-kereta cepat pakai apbn rockygerung;negative
776;bijak plinplan jokowi taxamnesty jilidii-kereta cepat pakai apbn rockygerung;negative
777;taxamnesty situ saking genius jokowi;negative
778;bijak plinplan alias mencla-mencle udah laah jokowibohonglagi;negative
779;jenius janji;positive
780;trik trik menzolimi rakyat dalih taxamnesty rugi rakyat;negative
781;kemplang pajak patuh taxamnesty jilid hukum sesuai atur ampun;negative
782;bikin kaget tepatin janji ingkar janji jago;negative
783;program taxamnesty jilidii kemplang pajak sepele anggap bijak i;negative
784;tagar jokowi bohong pas ingkar janji jokowi taxamnesty kereta cepat apbn htt;negative
785;rezim jokowi munafik munafik serang pribadi tetpi lekat oraig bicara bohong;negative
786;tagar jokowibohonglagi pas ingkar janji jokowi taxamnesty kereta cepat apbn;negative
787;rezim jokowi munafik munafik serang pribadi tetpi lekat orang bicara bohong mulut hati janji ingkar orang islam sifat munafik jokowibohonglagi;negative
788;taxamnesty jilid tiada masyarakat lalai bayar pajak;negative
789;tenaang taxamnesty selamat pandora pampers;negative
790;perintah rencana bijak ampun pajak taxamnesty jilidii tuju genjot terima negara pajak pajak ekonomi beritaterkini;positive
791;janji taxamnesty kereta cepat apbntotal;negative
792;efek geninus;negative
793;ya elah bener aja;negative
794;lho hestek jokowibohonglagi;negative
795;taxamnesty ii kritik pedas tanggap perintah;negative
796;bukti jokowijenius tapiboong tempo catat janji jokowi bidang ekonomi tepat rinciannya;negative
797;minggu jokowi genius bijak jokowi plinplan jenius ya ga;negative
798;janji tinggal janji;negative
799;planga plongo orang jenius kerap kali linglung alias plinplan bijak plinplan jokowi taxamnesty jilid;negative
800;berita jadi jokowibohonglagi kelola uang negara strategi proyek dampak maju ekonomi negara maju pakdhe jokowi biar hebat kereta cepat ni;positive
801;kemplang pajak jelas patuh taxamnesty jilid hukum sesuai atur ampun taxamnesty jilidii;negative
802;bijak plinplan jokowi taxamnesty jilidii-kereta cepat pakai apbn rockygerung;negative
803;taxamnesty jilidii nilai blunder dampak turun patuh pajak;negative
804;presiden joko widodo jokowi ubah bijak jokowi bohong;negative
805;tambah daftar bohong bijak poco poco perintah jokowi jokowibohonglagi inkonsistensi taxamnesty jilidii kereta cepat telan apbn;negative
806;kemplang pajak patuh taxamnesty jilid hukum sesuai atur;negative
807;direktur riset core indonesia piter abdullah bijak taxamnesty jilidii bukti turun kredibilitas;negative
808;plinplan jelek ya;negative
809;gimana tax revenue pejabrutnya aja ga bayar pajak harta diumpetin negri pas tau;negative
810;taxamnesty kemplang pajak jumatberkah;negative
811;planga plongo orang jenius kerap kali linglung alias plinplan bijak plinplan jokowi taxamnesty jilidii-kereta cepat pakai apbn;negative
812;jokowi kemplang pajak eksekusi ampun tuju direktur riset co;negative
813;jokowi kemplang pajak eksekusi ampun tuju direktur;negative
814;direktur riset core indonesia piter abdullah bijak taxamnesty jilidii bukti turun kredibilitas perintah;negative
815;bijak plinplan jokowi taxamnesty jilidii-kereta cepat pakai apbn lol inget buzzer nkri bangga-banggain bangun nggak pakai apbn apbd;negative
816;kelompok taxamnesty rakyat tax exploitation tuntas urus;negative
817;ulang taxamnesty bebas pajak kelompok periode tententu untung negara rakyat nggak taxamnesty;negative
818;jenius lip service;negative
819;gimana tax revenue pejabrutnya aja ga bayar pajak harta diumpetin negri pas tau ehhh langsung diadain taxamnesty;negative
820;inkonsistensi dusta dusta dusta dusta sulit ubah darah daging jokowibohonglagi jokowibohonglagi;negative
821;pingin genjot pajak ppn taxamnesty mboh itunganya gimana u;negative
822;jokowipresidenjenius aduh kasihan banget junjung slalu dewa beliau buta mata buta hati buta pikir kah;negative
823;ubah bijak perintah tolong ralat plinplan judul berita;positive
824;judul ngejar ujung taxamnesty lucu emg;negative
825;ga salah taxamnesty ga sesuai target ya;negative
826;tega banget yah rezim rakyat buru pajak kemplang pajak taxamnesty royalty batu bara hapus negara rugi;negative
827;janji taxamnesty jilid;positive
828;lho trus taxamnesty gila ya kemplang pajak amnesty rakyat tagih pajak gila;negative
829;taxamnesty maksud ringan pajak tunggak pajak mendaptkan ringan bayar pajak ya kalo usaha cilik kerja sih oke kalo usaha papan alias cukong kaum eksekutif taxamnesty;positive
830;bijak plinplan jokowi taxamnesty jilidii-kereta cepat pakai apbn ooohhh ooo;negative
831;apbn thn defisit;negative
832;efektivitas taxamnesty jilidii;negative
833;pajak peras rakyat pajak peras rakyat taxamnesty ii januari beda jilid;negative
834;pingin genjot pajak naik ppn taxamnesty mboh itunganya gimana uang lumayan g papa negara mbangun ehh berita pandora papers jabat menteri gimana bu sri ndang bal yo sri;negative
835;msd uu pajak untung orang kaya uu hilang sanksi pidana kemplang;negative
836;pajak peras rakyat pajak peras rakyat taxamnesty jilidii skema bijak;negative
837;taxamnesty ampun pajak wajib pajak orang kaya wajib pajak;positive
838;pajak peras rakyat pajak peras rakyat taxamnesty ii januari beda;negative
839;rakyat cekek temen dibebasin;negative
840;perintah galak rakyat tengah incar denda rb rakyat ktp npwp gak lapor spt tambah taxamnesty tuh rakyat ganjar denda gak lapor spt tahun rb x th;negative
841;pajak orang kaya kdrun kecuali lu sok kaya;negative
842;msd uu pajak untung orang kaya uu hilang sanksi pidana kemplang pajak kurang denda tunggak pajak tiga taxamnesty aku sukarela harta;negative
843;usaha tambang sektor uang untung taxamnesty jilidii;negative
844;taxamnesty ii runding maling;negative
845;wow rakyat jelata kena pajak taipan dap taxamnesty makmur negri;negative
846;taxamnesty bikin sakit hati bayar pajak;negative
847;patut sibuk ubah nik jdi npwp n taxamnesty cepat cari dana segar cukong cina;negative
848;taxamnesty om nama ngemplang pajak lapor pajak mesti curang modus salah satu kerjasama tugas pajak;negative
849;gimana kemplang pajak sukarela harta iming taxamnesty sangsi pidana hilang pdip kuasa jaman mega subsidi blbi pdip kuasa jokowi uuhpp bikin senang maling ngomong gak pancasila nkri harga mati bijak pro maling;negative
850;taxamnesty jilidii bebas kemplang pajak jerat hukum;negative
851;taxamnesty laku usaha pajak nya syarat tentu laku bayar pajak bunga tiada alesan ringan bayar pajak pengaruh hasil negara;positive
852;hindar pajak aju taxamnesty ampun pajak;negative
853;ekonom taxamnesty ii dampak buruk bisnis ebt;negative
854;ruuhpp sah program taxamnesty jugaa tuju yawlah nggk tidur mah;negative
855;kalo rb triliun problem elu elu bodoh paham jokowi rb t data aset wni ln duit jokowi sosialisasi taxamnesty ta perintah duit masuk ri blok;positive
856;pandora paper hindar pajak taxamnesty ampun pajak hubung pandora paper taxamnesty;negative
857;runding maling;negative
858;pks tolak ruu kup hpp harmonisasi atur paja pks tolak voluntary asset disclosure;negative
859;moga bersih hasil transaksi tsb taxamnesty;negative
860;wamenkeu klaim proses taxamnesty jilidii sederhana jumatberkah;positive
861;taxamnesty jilidii nilai karpet merah kemplang pajak;negative
862;djp data kemplang pajak ngasih taxamnesty;negative
863;program taxamnesty tingkat patuh pajak umkm infustrigula upayapemerintah;positive
864;taxamnesty bayar pajak;positive
865;cekik manja ayo taxamnesty jeng sri piye;negative
866;sri mulyani program taxamnesty tuju tingkat sukarela wajib pajak;positive
867;taxamnesty ii jalan mulus sih jahat pajak;negative
868;batal taxamnesty orang ngemplang pajak bebas uber donk;negative
869;uu harmonisasi atur pajak uuhpp tuju perintah dpr hilang sanksi pidana kemplang pajak kurang denda tunggak taxamnesty ampun pajak aku sukarela harta orang kaya duberikan ringan pajak;negative
870;bilang aja kas negara kosong;negative
871;jokowi janji taxamnesty eh januari kayak lagu bugis janci mutaroe;negative
872;wacana taxamnesty jilidii gulir ekonom duga orang kuat dorong program in;negative
873;pks tolak demokrat dukung ruuhpp oposisi kompak;negative
874;bebas kemplang pajak wajib bayar kriminal pajak pidana s;negative
875;bebas kemplang pajak wajib bayar kriminal pajak pidana gelar taxamnesty jokowi sri mulyani;negative
876;ppn taxamnesty menkeu raup rp triliun;positive
877;pph badan turun taxamnesty pro bijak ujung ya bayar utang;negative
878;taxamnesty ppn sri mulyani raup rp t;positive
879;januari jokowi taxamnesty kali mudah making byk warga negara indonesia sadar;positive
880;wacana taxamnesty jilidii gulir ekonom duga orang kuat dorong program mulus jalan;negative
881;presiden jokowi nilai ingkar janji program ampun pajak taxamnesty jilidii ekonom;negative
882;terap uu harmonisasi atur paja hpp negara perintah memperole;positive
883;terap uu harmonisasi atur paja hpp tambah dapat negara perintah oleh tambah rp triliun;positive
884;kasihan rakyat indonesia bayar pajak korupsi dana habis oknum senang ppkm panjang covid;negative
885;sisi tolak muncul kait ruu salah satu fraksi partai adil sejahtera pks tolak rencana naik ppn taxamnesty;negative
886;taxamnesty program gagal ya;negative
887;atur taxamnesty wajib pajak sempat harta bersih surat nyata direktur jenderal pajak temu data informasi harta;positive
888;sri mulyani patuh pajak usaha salah incar gelar taxamnesty jilidii;positive
889;banning shell companies taxamnesty jiah;negative
890;dipajakin gede kasih taxamnesty bom jabat nama pandora paper belo;negative
891;presiden jokowi nilai ingkar janji program ampun pajak taxamnesty jilidii;negative
892;pks tolak tarif ppn taxamnesty jilidii;negative
893;turun kredibilitas perintah taxamnesty jilidii prediksi sepi minat;negative
894;sindikat narkoba taxamnesty kah raja cabut mandat absurd sayap malaikat msh limut negeri;negative
895;duh taxamnesty jilidii prediksi sepi minat;negative
896;partai orientasi kuasa kuasa kalo melipatgandakan baik melipargandakan jelek jahat dilipatgandakan taxamnesty konglo islamphobia dst keburu lembaga skala negara;positive
897;presiden jokowi nilai ingkar janji program ampun pajak taxamnesty jilidii;negative
898;taxamnesty jilidii bikin kemplang pajak bahagia;negative
899;taxamnesty ampun pajak jilidii terap januari juni harap tingkat patuh wajib pajak;positive
900;pks tolak voluntary asset disclosure ahli publik taxamnesty ampun;negative
901;menteri hukum ham yasonna laoly program tuju tingkat patuh sukarela wajib pajak;positive
902;taxamnesty salah produk pesan;negative
903;pajak orang kaya taxamnesty hehehe;negative
904;plot twist mem-push taxamnesty golong laku pandora pilih ber-pandora lenggang kangkung konsekuensi apa badut;negative
905;pandora bikin taxamnesty uang masuk halal berkah;negative
906;wow temu transaksi uang kait rekening jumbo rp triliun milik sindikat narkoba mesti panggil kapolri sidik bayar pajak cilakanya ikut taxamnesty;negative
907;kena tarif orang super kaya lantas bareng atur ampun pajak taxamnesty;negative
908;anda moga negara sanksi imbang dua anda taxamnesty gagal;negative
909;rakyat taxamnesty aja gak bayar pajak nyembunyiin pajak lho yah;negative
910;ruuhpp masyarakat tolak gegara taxamnesty taxamnesty ya ngumpetin harta;positive
911;pantesan taxamnesty jilid sembako dipajakin no ktp otomatis npwp;negative
912;taxamnesty taxamnesty gak taat pajak;negative
913;jabat milik usaha cangkang kemplang pajak taxamnesty rakyat pajak;negative
914;ruuhppuntukmasyarakatkecil tolak gegara taxamnesty taxamnesty ya ngumpetin harta;positive
915;ruuhppuntukmasyarakatkecil taxamnesty taat pajak;positive
916;ruuhppuntukmasyarakatkecil nolak bela duit ga harta sembunyi ngapain taxamnesty;positive
917;taxamnesty jilidii potensial tingkat investasi sbn;positive
918;taxamnesty dasar perintah basis wajib pajak;positive
919;taxamnesty kali harap rakyat bayar pajak perintah harap menteri nya catat pandorapapers bongkarpandorapapers bongkarpandorapapers;negative
920;ruuhpp masyarakat teriak tolak alas taxamnesty pasti bela kemplang pajak ruuhppuntukmasyarakatkecil;negative
921;taxamnesty jilidii potensi investasi sbn;positive
922;rakyat suruh taxamnesty gataunya arang taxamnesty calo lo puas;negative
923;koar taxamnesty kali kroni kaya akibat;negative
924;duit pandora cuci via taxamnesty untung jokowi;negative
925;menkeu gencar bikin program taxamnesty jilid eeeh jabat masuk daftar pandora papers gimana;negative
926;jabat milik usaha cangkang kemplang pajak taxamnesty rakyat;negative
927;masalah taxamnesty taxamnesty gak taat pajak dasar ruuhpp tuju wujud sistem paja adil ruuhpp masyarakat ruuhppuntukmasyarakatkecil;negative
928;capek menkeu bikin taxamnesty ngemplang situ rakyat paksa patuh hehehe;negative
929;orang kaya ngehindarin pajak naro uang tax heaven program taxamnesty kalo warga gak suka orang elu pajak bilang gapapa bangun negara udah banyak oy;negative
930;taxamnesty ii jalan selamat lbp ah ta i dahulu panama paper hasil selamat muka jabat;negative
931;rupiah kuat picu sentimen positif taxamnesty ii;positive
932;tolak taxamnesty ppn alas pks tolak ruu kup;negative
933;ruuhpp masyarakat;positive
934;solid gold jangka rupiah kuat sentimen taxamnesty dorong pt solid gold jangka;positive
935;solid gold jangka rupiah kuat sentimen taxamnesty dorong;positive
936;putih mudah taxamnesty jilid pa gakan jilid walo;negative
937;koar taxamnesty kali kroni tambah kaya akibat pandemi taxamnesty jilid meng-legal-kan kaya duga dapat ilegal;negative
938;nyata program taxamnesty konglo kaya;negative
939;taxamnesty bangga sentuh konglo sedikit rakyat uber tuk npwp lapor lucu bayar pajak mesti repot lapor;negative
940;menkeu gencar bikin program taxamnesty jilid eeeh jabat masuk daftar pandora papers gimana tuh asa menkeu tau fakta bongkarpandorapapers bongkarpandorapapers;negative
941;taxamnesty sambut positif rupiah otot rp dolar as sindonews bukanberitabiasa;positive
942;ekonom taxamnesty jilidii efektif tingkat rasio pajak;negative
943;k triliun ngakak pajak naik nik npwp hahaha taxamnesty cukong warga ngap ngap an nunggak pajak stnk hahaha bodoh orang miskin bilang udah berisik gak bansos pkh;negative
944;rezim sedia karpet merah duluan bajing daftar pandorapapers;negative
945;jabat usaha ros taxamnesty rakyat ros cari celah ambil pajak;negative
946;pks tolak voluntary asset disclosure ahli publik taxamnesty ampun pajak jilidii;negative
947;perintah jerat pajak rakyat investor cina;negative
948;pks tolak ruuhpp pajak karbon taxamnesty;negative
949;rupiah tutup kuat dukung sentimen taxamnesty jilidii;positive
950;ha ha ha rakyat uber suruh bayar pajak mo naikin pajak eh do i ngemplang pajak udah taxamnesty jilid rakyat nikmat sj bobrok negri selamat nikmat;negative
951;ekonomi hancur sulit cuci uang hasil korupsi tiada jalan taxamnesty ye;negative
952;instrumen muncul pro kontra kait pajak tambah nilai ppn rencana taxamnesty bahas indef laksana diskusi publik judul takar untung rugi ruuhpp;negative
953;jabat kemntrian pa jokowi masuk daptr pandora papers dpr batal taxamnesty;negative
954;fitra konsep bijak program tingkat patuh wajib pajak taxamnesty taxamnesty;positive
955;usaha indonesia kaya simpan negeri program taxamnesty termasu;positive
956;usaha indonesia ungkap kaya simpan negeri program taxamnesty bank swiss bank swiss lokasi favorit timbun kaya miliader;negative
957;pesimis periksa kayak panama papers lolos taxamnesty;negative
958;rupiah tutup kuat dukung sentimen taxamnesty ii;positive
959;kurs rupiah tutup kuat dukung sentimen taxamnesty jilidii news jawa barat;positive
960;direktur pt trfx garuda jangka ibrahim assuaibi sentimen taxamnesty jilidii bawa tangkap positif laku pasar rupiahhariini;positive
961;dagang selasa nilai tukar rupiah tutup kuat pon level rp dolar as;positive
962;negatif taxamnesty negara via tri uang ampun wajib bayar pajak;negative
963;rupiah tutup kuat analis sentimen taxamnesty jilidii;positive
964;rupiah tutup kuat poin persen posisi rp dolar as kursrupiah;positive
965;gimana gak sedih ni beban pajak rakyat ruu kup ganti nama hpp smeentara orang kaya pr;negative
966;tuju ga duit tabung bumn bri aja kemplang bumn asuransi jiwasraya duit hasil repatriasi taxamnesty taxamnesty rakyat tipu repatriasi sapu perintah bahas stafsus;negative
967;rupiah kuat sentimen taxamnesty dorong;positive
968;rezim logika anomali utang nama negara nikmat kalang duit jabat elit orang kaya dib;negative
969;capek taat pajak ehh kemplang kasih taxamnesty;negative
970;perintah jerat banyak pajak rakyat investor cina bebas pajak bebas ppnbm taxamnesty jilid legal kaya kemplang pajak koruptor;negative
971;berita basi anggap hoax pilpres eh konfirmasi kalo taxamnesty jilid;negative
972;pantesan bahas taxamnesty luhut aktif dpr;negative
973;negatif taxamnesty negara via tri uang ampun wajib bayar pajak konglomerat enak tuh konglomerat ampun bebas bayar pajak kaya pajak mikir bodoh sok;negative
974;pajak karbon taxamnesty pks tolak ruuhpp;negative
975;taxamnesty jilidii nilai langkah mundur tingkat patuh pajak;negative
976;moga kait banyak usaha jabat usaha cangkang negara bebas pajak taxamnesty uang bebas pajak masuk indonesia;negative
977;duh sadar anjir bikin taxamnesty jilid atuh perusahaa danzo bebas pajak yahh telek banget;negative
978;susah bagent ga suudzon berita pandora papers sm taxamnesty jlid ii;negative
979;ngajak orang taxamnesty jabat rezim menyimoan uang ln indikasi upaya lawan program perintah buruk aman hasil korupsi ada lembaga lokal berani ungkap;negative
980;curigation cuci duit taxamnesty;negative
981;li to the cik trus kalo bongkar gin tar tinggal taxamnesty;negative
982;taxamnesty mw jilid usaha nyimpen duit negeri mah ya ga apagunanya;negative
983;taxamnesty bahas dpr ketok lupa manfaat lumayan kena pph final denga tarif rendah;positive
984;pks tolak ruu kup hpp harmonisasi atur paja pks tolak voluntary asset disclosure ahli publik taxamnesty ampun pajak jilidii tolakruukup;negative
985;bikin taxamnesty tuju gagal total horang kayah pintar rakyat ajar invest surat hutang retail kejar orang pajak;negative
986;pks tolak taxamnesty jilidii ruu harmonisasi atur pajak tolakruukup;negative
987;wacana perintah terap taxamnesty jilidii ampun pajak tuai kritik perintah;negative
988;rezim logika anomali utang nama negara nikmat kalang duit jabat elit orang kaya taxamnesty orang miskin sembako pajak kejar receh dasar kuantitas elak kata si kaya subsidi si miskin;negative
989;wacana perintah terap taxamnesty jilidii ampun pajak tuai kritik amat sebut perintah konsisten;negative
990;wacana perintah terap taxamnesty jilidii ampun pajak tuai kritik perintah;negative
991;mas buka tabir main lord kuasa blingsatan sah rezim mafia buka keran taxamnesty jahat;negative
992;menteri buka wacana taxamnesty menteri pilih sembunyi harta pandora papers brilliant move menteri sisi pajak warga kelas tengah regulasi ketat sisi buka celah oligarki;negative
993;pks tolak voluntary asset disclosure ahli publik taxamnesty kam;negative
994;pks tolak taxamnesty luas objek ppn;negative
995;tolak voluntary asset disclosure ahli publik;negative
996;tunggak pajak be like hahaha ngapain bayar pajak nunggu taxamnesty jilid xx max pro;negative
997;pks tolak voluntary asset disclosure ahli publik taxamnesty ampun pajak jilidii tolakruukup;negative
998;tolak taxamnesty jilid tolak ruu kup tolak persib main imbang;negative
999;kabar kemplang pajak taxamnesty jilidii wujud;negative
